
order_id,customer_id,order_date,total_amount,delivery_date
1001,1,2025-07-01,120.50,2025-07-03
1002,2,2025-07-03,75.00,2025-07-05
1003,3,2025-07-05,200.00,2025-07-07
1004,1,2025-07-07,50.00,2025-07-09
1005,4,2025-07-10,315.75,2025-07-12
1006,2,2025-07-11,99.99,2025-07-13
1007,5,2025-07-12,150.00,2025-07-14
1008,3,2025-07-14,65.25,2025-07-16
1009,4,2025-07-15,230.00,2025-07-17
1010,5,2025-07-16,45.00,2025-07-18