
customer_id,name,email,phone
1,Alice Johnson,alice.johnson@example.com,555-0101
2,Bob Smith,bob.smith@example.com,555-0202
3,Carol Lee,carol.lee@example.com,555-0303
4,David Patel,david.patel@example.com,555-0404
5,Eva Wang,eva.wang@example.com,555-0505